Transaction_ID,Date,Quarter,Region,Product,Channel,Units_Sold,Unit_Price_USD,Revenue_USD,Discount_Pct,Net_Revenue_USD,COGS_USD,Gross_Profit_USD,Sales_Rep,Status,Customer_Segment
TXN-0001,2024-11-23,Q4,North,SaaS Pro,Reseller,2,5984.09,11968.18,4.9,11381.74,3163.07,8218.67,Bob Kumar,Refunded,Government
TXN-0002,2024-01-17,Q1,South,SaaS Pro,Reseller,6,1905.38,11432.28,10.1,10277.62,2623.95,7653.67,Grace Patel,Closed Won,Government
TXN-0003,2024-10-28,Q4,East,Consulting,Partner,1,6118.7,6118.7,3.2,5922.9,1981.35,3941.55,David Lee,Closed Won,Enterprise
TXN-0004,2024-02-17,Q1,North,Support Plan,Enterprise,7,3000.04,21000.28,6.9,19551.26,5922.16,13629.1,Bob Kumar,Pending,Enterprise
TXN-0005,2024-10-09,Q4,North,Consulting,Direct,41,5024.45,206002.45,17.2,170570.03,62338.3,108231.73,David Lee,Closed Won,Enterprise
TXN-0006,2024-04-29,Q2,East,SaaS Pro,Online,25,2368.19,59204.75,12.7,51685.75,16692.76,34992.99,David Lee,Closed Won,Enterprise
TXN-0007,2024-11-07,Q4,Central,SaaS Starter,Partner,35,5887.19,206051.65,3.3,199251.95,64934.43,134317.52,Frank Chen,Closed Won,SMB
TXN-0008,2024-01-17,Q1,East,Consulting,Partner,26,2288.38,59497.88,4.2,56998.97,24998.72,32000.25,Hiro Yamamoto,Pending,Government
TXN-0009,2024-03-14,Q1,Central,Consulting,Enterprise,9,2123.69,19113.21,11.2,16972.53,5135.01,11837.52,Grace Patel,Closed Won,SMB
TXN-0010,2024-03-11,Q1,South,Hardware,Enterprise,32,909.09,29090.88,0.9,28829.06,7839.48,20989.58,Bob Kumar,Pending,Government
TXN-0011,2024-11-01,Q4,North,Support Plan,Reseller,34,2161.03,73475.02,11.1,65319.29,28641.61,36677.68,Eva Rossi,Closed Won,Enterprise
TXN-0012,2024-05-30,Q2,East,Support Plan,Reseller,11,3739.04,41129.44,19.1,33273.72,14147.01,19126.71,Carol Smith,Refunded,Enterprise
TXN-0013,2024-11-16,Q4,South,Consulting,Reseller,41,4159.77,170550.57,4.0,163728.55,53176.21,110552.34,Alice Tan,Refunded,Startup
TXN-0014,2024-09-07,Q3,East,SaaS Pro,Partner,8,7446.97,59575.76,17.6,49090.43,20437.97,28652.46,Alice Tan,Closed Won,Education
TXN-0015,2024-02-10,Q1,South,SaaS Pro,Partner,47,3990.73,187564.31,1.4,184938.41,74367.51,110570.9,Hiro Yamamoto,Refunded,SMB
TXN-0016,2024-05-15,Q2,South,Hardware,Online,39,3500.48,136518.72,4.2,130784.93,46802.59,83982.34,Grace Patel,Closed Won,Government
TXN-0017,2024-09-21,Q3,Central,Support Plan,Partner,8,2133.66,17069.28,1.3,16847.38,4282.72,12564.66,David Lee,Closed Won,Enterprise
TXN-0018,2024-12-28,Q4,Central,SaaS Pro,Partner,15,725.72,10885.8,0.6,10820.49,3420.2,7400.29,Eva Rossi,Pending,SMB
TXN-0019,2024-10-03,Q4,West,SaaS Starter,Enterprise,47,7497.01,352359.47,11.4,312190.49,107560.3,204630.19,David Lee,Closed Won,Enterprise
TXN-0020,2024-12-03,Q4,North,Support Plan,Direct,23,3503.91,80589.93,9.3,73095.07,28932.14,44162.93,Grace Patel,Closed Won,Enterprise
TXN-0021,2024-05-07,Q2,West,SaaS Starter,Partner,13,4383.03,56979.39,2.8,55383.97,15878.45,39505.52,Bob Kumar,Pending,Education
TXN-0022,2024-02-20,Q1,South,SaaS Pro,Partner,42,7994.4,335764.8,16.7,279692.08,124127.14,155564.94,Grace Patel,Pending,Government
TXN-0023,2024-04-19,Q2,West,Support Plan,Online,4,1484.17,5936.68,0.0,5936.68,1947.73,3988.95,Grace Patel,Refunded,Government
TXN-0024,2024-03-20,Q1,North,SaaS Starter,Online,19,1898.07,36063.33,1.2,35630.57,14150.59,21479.98,Alice Tan,Closed Won,Education
TXN-0025,2024-09-01,Q3,South,Hardware,Direct,34,1427.98,48551.32,19.2,39229.47,10435.91,28793.56,Bob Kumar,Closed Won,Government
TXN-0026,2024-03-02,Q1,Central,Hardware,Reseller,16,4715.57,75449.12,0.8,74845.53,19938.6,54906.93,Frank Chen,Closed Won,SMB
TXN-0027,2024-12-08,Q4,West,Consulting,Online,16,2271.79,36348.64,2.6,35403.58,13421.5,21982.08,Bob Kumar,Closed Won,Government
TXN-0028,2024-11-14,Q4,East,Hardware,Direct,7,771.43,5400.01,4.3,5167.81,1566.05,3601.76,David Lee,Closed Won,Startup
TXN-0029,2024-03-21,Q1,Central,Support Plan,Direct,35,5687.61,199066.35,12.2,174780.26,78204.84,96575.42,Eva Rossi,Closed Won,SMB
TXN-0030,2024-05-15,Q2,South,SaaS Pro,Online,7,5990.85,41935.95,3.1,40635.94,12448.87,28187.07,David Lee,Closed Won,Education
TXN-0031,2024-09-07,Q3,North,Consulting,Online,4,919.93,3679.72,8.5,3366.94,1028.05,2338.89,Carol Smith,Closed Won,SMB
TXN-0032,2024-08-14,Q3,South,Hardware,Reseller,46,3535.96,162654.16,0.2,162328.85,43025.06,119303.79,Alice Tan,Closed Won,Education
TXN-0033,2024-10-09,Q4,North,SaaS Starter,Online,28,1194.08,33434.24,6.2,31361.32,13478.98,17882.34,David Lee,Closed Won,Enterprise
TXN-0034,2024-06-30,Q2,South,Hardware,Partner,27,7795.93,210490.11,15.0,178916.59,77856.05,101060.54,Carol Smith,Pending,Enterprise
TXN-0035,2024-04-01,Q2,East,Consulting,Partner,27,6457.43,174350.61,17.3,144187.95,59427.04,84760.91,Bob Kumar,Pending,Enterprise
TXN-0036,2024-08-28,Q3,South,SaaS Starter,Partner,13,6569.38,85401.94,9.2,77544.96,24119.44,53425.52,Alice Tan,Closed Won,Government
TXN-0037,2024-06-17,Q2,West,Consulting,Reseller,5,7741.74,38708.7,5.6,36541.01,13823.33,22717.68,Frank Chen,Closed Won,Enterprise
TXN-0038,2024-05-13,Q2,West,SaaS Starter,Online,38,7707.77,292895.26,5.3,277371.81,75356.51,202015.3,Frank Chen,Pending,Education
TXN-0039,2024-09-18,Q3,West,SaaS Pro,Direct,25,7216.14,180403.5,3.8,173548.17,44927.68,128620.49,David Lee,Closed Won,Government
TXN-0040,2024-02-05,Q1,East,Consulting,Reseller,40,2648.54,105941.6,17.0,87931.53,34640.7,53290.83,Eva Rossi,Pending,Startup
TXN-0041,2024-07-25,Q3,South,Consulting,Reseller,36,1192.84,42942.24,8.4,39335.09,17231.63,22103.46,Eva Rossi,Pending,Education
TXN-0042,2024-01-01,Q1,East,Consulting,Enterprise,19,1839.42,34948.98,15.7,29461.99,10940.19,18521.8,Hiro Yamamoto,Pending,SMB
TXN-0043,2024-09-18,Q3,Central,Support Plan,Online,48,1523.59,73132.32,1.7,71889.07,25383.34,46505.73,Bob Kumar,Closed Won,Startup
TXN-0044,2024-04-25,Q2,North,SaaS Starter,Enterprise,10,390.52,3905.2,4.9,3713.85,1281.38,2432.47,Grace Patel,Refunded,SMB
TXN-0045,2024-12-22,Q4,North,Support Plan,Enterprise,32,3317.29,106153.28,3.0,102968.68,39902.88,63065.8,David Lee,Closed Won,Education
TXN-0046,2024-08-25,Q3,West,SaaS Pro,Reseller,36,2143.75,77175.0,17.0,64055.25,21861.57,42193.68,Frank Chen,Pending,Education
TXN-0047,2024-09-15,Q3,West,Support Plan,Online,36,3678.13,132412.68,3.2,128175.47,54128.37,74047.1,David Lee,Closed Won,Education
TXN-0048,2024-09-05,Q3,East,SaaS Starter,Online,18,3631.01,65358.18,14.3,56011.96,16629.88,39382.08,Bob Kumar,Closed Won,SMB
TXN-0049,2024-04-28,Q2,East,Support Plan,Reseller,45,1391.88,62634.6,4.3,59941.31,19958.87,39982.44,Hiro Yamamoto,Pending,Enterprise
TXN-0050,2024-04-15,Q2,Central,Support Plan,Enterprise,25,7257.74,181443.5,11.7,160214.61,62340.24,97874.37,Hiro Yamamoto,Closed Won,Startup
TXN-0051,2024-06-01,Q2,South,Support Plan,Enterprise,27,4398.12,118749.24,14.7,101293.1,41527.5,59765.6,David Lee,Closed Won,Government
TXN-0052,2024-09-05,Q3,South,SaaS Pro,Enterprise,25,2821.81,70545.25,13.6,60951.1,20166.48,40784.62,Carol Smith,Refunded,Education
TXN-0053,2024-01-14,Q1,South,Support Plan,Enterprise,38,4602.26,174885.88,0.5,174011.45,65872.02,108139.43,Carol Smith,Closed Won,Startup
TXN-0054,2024-07-13,Q3,East,Consulting,Enterprise,14,3746.65,52453.1,6.8,48886.29,20822.04,28064.25,Eva Rossi,Closed Won,Government
TXN-0055,2024-01-10,Q1,North,Hardware,Direct,4,7999.28,31997.12,7.0,29757.32,11308.64,18448.68,David Lee,Closed Won,Enterprise
TXN-0056,2024-11-14,Q4,South,SaaS Starter,Enterprise,16,1184.52,18952.32,13.4,16412.71,5954.43,10458.28,Eva Rossi,Closed Won,SMB
TXN-0057,2024-11-06,Q4,East,Hardware,Direct,48,5803.19,278553.12,15.6,235098.83,66474.94,168623.89,Alice Tan,Closed Won,Education
TXN-0058,2024-12-12,Q4,South,Support Plan,Direct,26,7543.47,196130.22,4.0,188285.01,69367.88,118917.13,Eva Rossi,Refunded,Enterprise
TXN-0059,2024-10-16,Q4,East,SaaS Pro,Direct,23,4355.41,100174.43,13.2,86951.41,22937.03,64014.38,Grace Patel,Pending,Enterprise
TXN-0060,2024-08-09,Q3,South,Consulting,Reseller,41,7154.29,293325.89,9.2,266339.91,74734.51,191605.4,Eva Rossi,Refunded,Education
TXN-0061,2024-09-04,Q3,South,Support Plan,Direct,28,6640.73,185940.44,11.8,163999.47,51571.42,112428.05,Eva Rossi,Pending,SMB
TXN-0062,2024-08-25,Q3,East,Hardware,Partner,40,5411.87,216474.8,6.7,201970.99,70459.86,131511.13,Hiro Yamamoto,Closed Won,Startup
TXN-0063,2024-05-12,Q2,North,Consulting,Reseller,18,7066.5,127197.0,14.0,109389.42,33391.53,75997.89,David Lee,Closed Won,SMB
TXN-0064,2024-07-27,Q3,West,Support Plan,Enterprise,36,6113.68,220092.48,13.8,189719.72,71938.03,117781.69,Alice Tan,Closed Won,Startup
TXN-0065,2024-04-23,Q2,Central,Support Plan,Reseller,45,2097.78,94400.1,13.3,81844.89,26501.71,55343.18,Frank Chen,Pending,Education
TXN-0066,2024-06-18,Q2,South,Consulting,Online,45,3739.21,168264.45,6.1,158000.32,46785.1,111215.22,Bob Kumar,Refunded,SMB
TXN-0067,2024-04-08,Q2,Central,SaaS Starter,Reseller,48,3976.75,190884.0,14.5,163205.82,72679.04,90526.78,Eva Rossi,Closed Won,SMB
TXN-0068,2024-05-31,Q2,East,SaaS Starter,Direct,24,1599.64,38391.36,0.3,38276.19,13657.98,24618.21,Alice Tan,Refunded,Startup
TXN-0069,2024-12-23,Q4,Central,SaaS Starter,Online,41,6974.0,285934.0,9.8,257912.47,109495.18,148417.29,Hiro Yamamoto,Pending,Government
TXN-0070,2024-06-23,Q2,North,SaaS Starter,Enterprise,4,2169.33,8677.32,17.2,7184.82,1960.14,5224.68,Hiro Yamamoto,Closed Won,Education
TXN-0071,2024-11-18,Q4,South,SaaS Pro,Direct,10,1363.74,13637.4,11.3,12096.37,3759.15,8337.22,Grace Patel,Refunded,Education
TXN-0072,2024-11-12,Q4,Central,SaaS Starter,Enterprise,50,4276.07,213803.5,9.0,194561.18,65867.56,128693.62,Eva Rossi,Refunded,Education
TXN-0073,2024-01-31,Q1,East,Hardware,Direct,48,974.02,46752.96,15.3,39599.76,14853.99,24745.77,Carol Smith,Closed Won,SMB
TXN-0074,2024-10-09,Q4,East,SaaS Pro,Direct,11,220.87,2429.57,9.0,2210.91,815.3,1395.61,David Lee,Closed Won,Startup
TXN-0075,2024-12-25,Q4,Central,Support Plan,Partner,5,5561.6,27808.0,18.5,22663.52,9236.87,13426.65,Grace Patel,Closed Won,Education
TXN-0076,2024-04-25,Q2,East,SaaS Starter,Reseller,18,6647.72,119658.96,1.4,117983.73,33411.17,84572.56,Eva Rossi,Pending,Enterprise
TXN-0077,2024-08-27,Q3,West,Consulting,Direct,45,3339.57,150280.65,5.4,142165.49,50894.72,91270.77,Alice Tan,Pending,Startup
TXN-0078,2024-11-05,Q4,Central,Consulting,Reseller,2,912.35,1824.7,19.2,1474.36,615.09,859.27,Alice Tan,Closed Won,Education
TXN-0079,2024-01-21,Q1,Central,SaaS Starter,Enterprise,31,4247.92,131685.52,8.8,120097.19,36705.46,83391.73,Hiro Yamamoto,Closed Won,Government
TXN-0080,2024-06-27,Q2,West,Support Plan,Enterprise,22,2704.25,59493.5,2.1,58244.14,16434.46,41809.68,Eva Rossi,Pending,Education
TXN-0081,2024-01-19,Q1,West,Support Plan,Reseller,6,2653.23,15919.38,6.5,14884.62,6609.32,8275.3,Alice Tan,Refunded,Government
TXN-0082,2024-07-30,Q3,West,SaaS Pro,Direct,13,4243.83,55169.79,12.5,48273.57,16881.2,31392.37,David Lee,Closed Won,Education
TXN-0083,2024-03-08,Q1,Central,Consulting,Partner,29,7070.6,205047.4,9.7,185157.8,47358.53,137799.27,Carol Smith,Closed Won,Education
TXN-0084,2024-01-08,Q1,West,Hardware,Direct,27,927.03,25029.81,19.8,20073.91,8683.69,11390.22,Carol Smith,Pending,Startup
TXN-0085,2024-09-17,Q3,Central,Consulting,Partner,27,6710.85,181192.95,19.6,145679.13,43521.08,102158.05,Grace Patel,Closed Won,Education
TXN-0086,2024-09-17,Q3,Central,SaaS Starter,Online,5,2354.73,11773.65,15.8,9913.41,3301.05,6612.36,Alice Tan,Closed Won,Startup
TXN-0087,2024-10-27,Q4,East,Hardware,Online,43,4019.19,172825.17,3.0,167640.41,59967.68,107672.73,Grace Patel,Pending,Startup
TXN-0088,2024-04-06,Q2,East,SaaS Starter,Enterprise,37,3187.17,117925.29,17.1,97760.07,32471.5,65288.57,Grace Patel,Pending,SMB
TXN-0089,2024-09-10,Q3,West,SaaS Pro,Direct,9,4117.87,37060.83,11.8,32687.65,13857.6,18830.05,Hiro Yamamoto,Closed Won,SMB
TXN-0090,2024-07-28,Q3,West,SaaS Starter,Direct,5,3862.03,19310.15,19.4,15563.98,4944.87,10619.11,Frank Chen,Refunded,Government
TXN-0091,2024-06-11,Q2,East,Support Plan,Partner,35,480.01,16800.35,1.4,16565.15,6232.34,10332.81,Bob Kumar,Pending,Enterprise
TXN-0092,2024-11-20,Q4,East,SaaS Pro,Direct,29,1497.65,43431.85,6.0,40825.94,10442.84,30383.1,Eva Rossi,Closed Won,Startup
TXN-0093,2024-08-08,Q3,South,SaaS Starter,Partner,16,4343.1,69489.6,11.3,61637.28,25179.07,36458.21,Bob Kumar,Refunded,Government
TXN-0094,2024-11-13,Q4,East,SaaS Starter,Enterprise,32,7320.07,234242.24,2.9,227449.22,77839.94,149609.28,Eva Rossi,Closed Won,Government
TXN-0095,2024-05-27,Q2,East,Hardware,Enterprise,11,776.12,8537.32,18.9,6923.77,3098.6,3825.17,Eva Rossi,Pending,Startup
TXN-0096,2024-04-11,Q2,East,Support Plan,Online,31,1031.9,31988.9,7.6,29557.74,9511.44,20046.3,Alice Tan,Pending,Startup
TXN-0097,2024-01-05,Q1,West,Hardware,Online,44,6270.83,275916.52,19.5,222112.8,95980.14,126132.66,David Lee,Refunded,Startup
TXN-0098,2024-04-22,Q2,South,SaaS Starter,Direct,40,2154.89,86195.6,15.1,73180.06,29527.73,43652.33,Alice Tan,Closed Won,Government
TXN-0099,2024-01-18,Q1,West,Hardware,Partner,24,5912.41,141897.84,1.8,139343.68,43060.28,96283.4,David Lee,Closed Won,Education
TXN-0100,2024-07-06,Q3,West,Hardware,Online,33,7325.2,241731.6,16.6,201604.15,60762.28,140841.87,Frank Chen,Closed Won,Government
TXN-0101,2024-02-08,Q1,West,SaaS Starter,Reseller,49,7738.7,379196.3,17.2,313974.54,123970.76,190003.78,Frank Chen,Closed Won,Government
TXN-0102,2024-01-08,Q1,East,Consulting,Reseller,35,1163.99,40739.65,7.4,37724.92,15082.51,22642.41,Grace Patel,Closed Won,Enterprise
TXN-0103,2024-12-11,Q4,Central,SaaS Starter,Partner,31,395.19,12250.89,17.7,10082.48,3652.7,6429.78,Bob Kumar,Pending,Startup
TXN-0104,2024-11-28,Q4,West,Support Plan,Direct,8,1290.26,10322.08,18.9,8371.21,2602.38,5768.83,Bob Kumar,Closed Won,Education
TXN-0105,2024-03-10,Q1,Central,Support Plan,Enterprise,30,3093.89,92816.7,19.0,75181.53,29267.93,45913.6,Carol Smith,Pending,Enterprise
TXN-0106,2024-09-07,Q3,South,Hardware,Enterprise,27,7524.61,203164.47,5.6,191787.26,74424.22,117363.04,Hiro Yamamoto,Closed Won,Startup
TXN-0107,2024-02-20,Q1,East,Consulting,Partner,35,7233.23,253163.05,12.9,220505.02,57796.57,162708.45,Bob Kumar,Pending,Enterprise
TXN-0108,2024-12-05,Q4,East,SaaS Starter,Partner,42,5188.04,217897.68,19.4,175625.53,45682.96,129942.57,Carol Smith,Refunded,SMB
TXN-0109,2024-02-05,Q1,South,Hardware,Reseller,14,4773.79,66833.06,16.3,55939.27,16591.57,39347.7,Alice Tan,Closed Won,SMB
TXN-0110,2024-03-07,Q1,South,Hardware,Direct,17,6428.41,109282.97,2.2,106878.74,45240.66,61638.08,Frank Chen,Closed Won,Education
TXN-0111,2024-06-14,Q2,North,SaaS Pro,Direct,12,2269.87,27238.44,2.5,26557.48,8875.3,17682.18,Hiro Yamamoto,Pending,Startup
TXN-0112,2024-09-19,Q3,Central,Hardware,Online,7,3725.64,26079.48,4.4,24931.98,9300.16,15631.82,Hiro Yamamoto,Closed Won,Enterprise
TXN-0113,2024-09-02,Q3,North,Support Plan,Direct,28,5551.56,155443.68,9.8,140210.2,60562.42,79647.78,Frank Chen,Refunded,SMB
TXN-0114,2024-02-03,Q1,West,SaaS Starter,Reseller,18,5069.68,91254.24,11.7,80577.49,31621.07,48956.42,Eva Rossi,Pending,Education
TXN-0115,2024-11-05,Q4,Central,Support Plan,Partner,7,6386.15,44703.05,2.3,43674.88,16637.62,27037.26,Grace Patel,Pending,SMB
TXN-0116,2024-07-30,Q3,East,Consulting,Online,30,3310.1,99303.0,14.6,84804.76,26502.31,58302.45,Frank Chen,Closed Won,Government
TXN-0117,2024-02-04,Q1,South,SaaS Pro,Reseller,6,927.19,5563.14,1.9,5457.44,2170.75,3286.69,Alice Tan,Refunded,Education
TXN-0118,2024-10-14,Q4,West,Consulting,Direct,43,1153.4,49596.2,7.1,46074.87,17649.81,28425.06,Eva Rossi,Refunded,Startup
TXN-0119,2024-06-29,Q2,North,SaaS Pro,Online,37,4157.82,153839.34,3.1,149070.32,51643.61,97426.71,Frank Chen,Closed Won,Startup
TXN-0120,2024-10-20,Q4,Central,SaaS Starter,Reseller,28,6792.21,190181.88,19.5,153096.41,63333.75,89762.66,Alice Tan,Refunded,Startup
TXN-0121,2024-01-15,Q1,North,SaaS Starter,Partner,18,5681.05,102258.9,6.2,95918.85,30498.83,65420.02,Carol Smith,Refunded,Government
TXN-0122,2024-02-05,Q1,South,SaaS Starter,Enterprise,48,5138.74,246659.52,0.6,245179.56,97881.16,147298.4,Grace Patel,Pending,Startup
TXN-0123,2024-03-21,Q1,North,Consulting,Direct,20,5828.45,116569.0,15.5,98500.8,35806.88,62693.92,Carol Smith,Closed Won,Education
TXN-0124,2024-01-26,Q1,West,SaaS Pro,Online,18,3656.28,65813.04,8.5,60218.93,22366.23,37852.7,David Lee,Refunded,Enterprise
TXN-0125,2024-06-25,Q2,East,Support Plan,Direct,8,2409.32,19274.56,13.6,16653.22,5784.11,10869.11,David Lee,Pending,Education
TXN-0126,2024-01-29,Q1,East,SaaS Pro,Online,14,2551.07,35714.98,4.2,34214.95,9492.83,24722.12,Frank Chen,Closed Won,Enterprise
TXN-0127,2024-09-11,Q3,Central,Support Plan,Online,12,1207.65,14491.8,10.7,12941.18,3830.88,9110.3,Bob Kumar,Pending,Enterprise
TXN-0128,2024-08-11,Q3,Central,SaaS Pro,Enterprise,30,7385.07,221552.1,17.2,183445.14,66985.33,116459.81,Grace Patel,Closed Won,Enterprise
TXN-0129,2024-07-26,Q3,East,SaaS Pro,Direct,21,1540.61,32352.81,19.0,26205.78,8962.88,17242.9,Grace Patel,Closed Won,SMB
TXN-0130,2024-08-11,Q3,East,Hardware,Partner,26,4286.91,111459.66,7.9,102654.35,32033.79,70620.56,Frank Chen,Closed Won,Enterprise
TXN-0131,2024-09-18,Q3,South,SaaS Pro,Partner,34,4177.63,142039.42,18.1,116330.28,37211.15,79119.13,Bob Kumar,Closed Won,Startup
TXN-0132,2024-04-11,Q2,West,SaaS Starter,Enterprise,39,1392.38,54302.82,15.2,46048.79,12206.18,33842.61,Hiro Yamamoto,Refunded,Education
TXN-0133,2024-06-14,Q2,East,Consulting,Reseller,10,3630.15,36301.5,9.4,32889.16,12375.44,20513.72,Alice Tan,Closed Won,Education
TXN-0134,2024-02-07,Q1,North,Consulting,Direct,30,3724.93,111747.9,1.1,110518.67,46013.27,64505.4,Grace Patel,Pending,Education
TXN-0135,2024-10-10,Q4,Central,SaaS Pro,Enterprise,29,7290.59,211427.11,11.4,187324.42,53883.47,133440.95,Carol Smith,Closed Won,Government
TXN-0136,2024-02-22,Q1,West,Consulting,Enterprise,46,857.77,39457.42,12.9,34367.41,8860.9,25506.51,Carol Smith,Closed Won,Startup
TXN-0137,2024-05-24,Q2,East,Support Plan,Direct,27,6240.83,168502.41,13.6,145586.08,37921.26,107664.82,Frank Chen,Closed Won,Education
TXN-0138,2024-12-13,Q4,Central,Support Plan,Partner,19,2165.57,41145.83,17.0,34151.04,15124.88,19026.16,Frank Chen,Closed Won,Education
TXN-0139,2024-12-05,Q4,South,SaaS Starter,Reseller,23,2619.81,60255.63,13.1,52362.14,20024.7,32337.44,Bob Kumar,Closed Won,Education
TXN-0140,2024-07-11,Q3,Central,Consulting,Direct,9,5426.91,48842.19,16.6,40734.39,16202.3,24532.09,Grace Patel,Refunded,Startup
TXN-0141,2024-01-10,Q1,West,Consulting,Partner,20,1606.05,32121.0,4.3,30739.8,13511.18,17228.62,David Lee,Closed Won,SMB
TXN-0142,2024-02-09,Q1,Central,Consulting,Direct,7,4159.98,29119.86,10.8,25974.92,10330.97,15643.95,Frank Chen,Refunded,SMB
TXN-0143,2024-11-01,Q4,South,Support Plan,Enterprise,10,1465.53,14655.3,16.6,12222.52,4940.58,7281.94,Alice Tan,Pending,Startup
TXN-0144,2024-12-12,Q4,South,SaaS Starter,Reseller,29,4962.64,143916.56,15.0,122329.08,49758.59,72570.49,David Lee,Closed Won,Government
TXN-0145,2024-04-09,Q2,East,Consulting,Enterprise,44,7587.62,333855.28,19.7,268085.79,91775.42,176310.37,Grace Patel,Closed Won,SMB
TXN-0146,2024-11-05,Q4,North,SaaS Starter,Reseller,17,607.0,10319.0,9.6,9328.38,3024.66,6303.72,Bob Kumar,Closed Won,Enterprise
TXN-0147,2024-03-23,Q1,South,Consulting,Enterprise,29,7261.39,210580.31,2.9,204473.48,69008.68,135464.8,Frank Chen,Closed Won,Government
TXN-0148,2024-01-28,Q1,South,Support Plan,Direct,33,3116.9,102857.7,7.7,94937.66,25283.9,69653.76,Frank Chen,Closed Won,Startup
TXN-0149,2024-03-15,Q1,South,SaaS Starter,Enterprise,3,2437.66,7312.98,16.6,6099.03,2373.83,3725.2,Hiro Yamamoto,Refunded,Enterprise
TXN-0150,2024-02-10,Q1,Central,SaaS Pro,Reseller,17,1882.11,31995.87,3.0,31035.99,13595.17,17440.82,Grace Patel,Closed Won,Startup
TXN-0151,2024-05-01,Q2,West,Consulting,Direct,8,572.45,4579.6,8.4,4194.91,1714.79,2480.12,Bob Kumar,Pending,Education
TXN-0152,2024-10-01,Q4,West,SaaS Pro,Direct,41,4219.93,173017.13,4.8,164712.31,45907.85,118804.46,Frank Chen,Closed Won,Education
TXN-0153,2024-08-01,Q3,Central,SaaS Starter,Reseller,43,5412.08,232719.44,10.5,208283.9,67092.57,141191.33,Alice Tan,Pending,Government
TXN-0154,2024-01-23,Q1,East,Support Plan,Partner,24,2178.47,52283.28,0.3,52126.43,21252.15,30874.28,Bob Kumar,Refunded,Startup
TXN-0155,2024-03-09,Q1,West,SaaS Pro,Enterprise,23,4458.91,102554.93,16.3,85838.48,24465.5,61372.98,Carol Smith,Closed Won,Enterprise
TXN-0156,2024-08-22,Q3,East,SaaS Pro,Online,19,1772.41,33675.79,15.8,28355.02,12112.08,16242.94,Grace Patel,Refunded,Government
TXN-0157,2024-05-09,Q2,North,SaaS Pro,Online,49,5245.82,257045.18,5.7,242393.6,102393.77,139999.83,Eva Rossi,Closed Won,Startup
TXN-0158,2024-08-11,Q3,South,Support Plan,Enterprise,48,3629.95,174237.6,19.1,140958.22,44797.55,96160.67,Hiro Yamamoto,Closed Won,Education
TXN-0159,2024-05-16,Q2,South,SaaS Pro,Reseller,47,3511.1,165021.7,8.6,150829.83,67725.55,83104.28,Eva Rossi,Closed Won,Enterprise
TXN-0160,2024-02-10,Q1,South,Consulting,Enterprise,43,2505.99,107757.57,8.9,98167.15,38631.97,59535.18,Frank Chen,Pending,Enterprise
TXN-0161,2024-06-29,Q2,North,Hardware,Enterprise,28,2341.53,65562.84,19.6,52712.52,23171.42,29541.1,Frank Chen,Refunded,SMB
TXN-0162,2024-01-16,Q1,South,SaaS Starter,Online,39,5489.09,214074.51,8.8,195235.95,53737.92,141498.03,Frank Chen,Pending,Education
TXN-0163,2024-01-17,Q1,North,Hardware,Reseller,10,5496.68,54966.8,19.0,44523.11,14443.42,30079.69,Carol Smith,Refunded,Startup
TXN-0164,2024-07-22,Q3,South,Consulting,Enterprise,42,2373.78,99698.76,19.2,80556.6,20556.65,59999.95,Grace Patel,Refunded,Enterprise
TXN-0165,2024-05-14,Q2,West,Consulting,Partner,46,3680.93,169322.78,19.9,135627.55,41653.31,93974.24,Bob Kumar,Closed Won,Enterprise
TXN-0166,2024-08-19,Q3,East,SaaS Starter,Online,46,3671.87,168906.02,1.8,165865.71,64088.16,101777.55,Bob Kumar,Refunded,Education
TXN-0167,2024-05-28,Q2,East,Consulting,Reseller,11,5752.11,63273.21,18.5,51567.67,19468.86,32098.81,David Lee,Closed Won,SMB
TXN-0168,2024-03-12,Q1,Central,SaaS Starter,Partner,32,405.02,12960.64,11.1,11522.01,3730.62,7791.39,Bob Kumar,Closed Won,Startup
TXN-0169,2024-07-22,Q3,South,Support Plan,Online,34,3404.2,115742.8,8.2,106251.89,38779.83,67472.06,Bob Kumar,Pending,Government
TXN-0170,2024-12-14,Q4,Central,Hardware,Partner,23,1201.01,27623.23,16.6,23037.77,8299.6,14738.17,Carol Smith,Pending,Education
TXN-0171,2024-01-29,Q1,South,SaaS Pro,Online,34,1393.52,47379.68,3.3,45816.15,14410.65,31405.5,Eva Rossi,Closed Won,Startup
TXN-0172,2024-04-10,Q2,Central,Hardware,Partner,18,1176.33,21173.94,6.1,19882.33,7091.94,12790.39,Carol Smith,Closed Won,Education
TXN-0173,2024-11-05,Q4,Central,Consulting,Online,37,521.32,19288.84,17.3,15951.87,4247.1,11704.77,David Lee,Refunded,Government
TXN-0174,2024-11-12,Q4,East,SaaS Pro,Enterprise,32,7134.18,228293.76,10.9,203409.74,76966.47,126443.27,David Lee,Pending,Startup
TXN-0175,2024-08-20,Q3,South,SaaS Pro,Online,45,667.32,30029.4,8.8,27386.81,9499.12,17887.69,Carol Smith,Closed Won,Startup
TXN-0176,2024-06-25,Q2,South,Support Plan,Enterprise,9,6133.19,55198.71,10.3,49513.24,13429.81,36083.43,Bob Kumar,Closed Won,Government
TXN-0177,2024-05-06,Q2,West,SaaS Starter,Partner,7,594.72,4163.04,18.9,3376.23,1427.58,1948.65,Carol Smith,Closed Won,Education
TXN-0178,2024-06-09,Q2,East,SaaS Starter,Enterprise,49,1442.87,70700.63,19.9,56631.2,19445.06,37186.14,Alice Tan,Closed Won,Government
TXN-0179,2024-09-15,Q3,West,Support Plan,Reseller,16,1878.13,30050.08,7.1,27916.52,7261.31,20655.21,Hiro Yamamoto,Closed Won,Education
TXN-0180,2024-01-05,Q1,West,SaaS Pro,Online,28,1244.69,34851.32,5.3,33004.2,10665.49,22338.71,Alice Tan,Pending,Enterprise
TXN-0181,2024-10-18,Q4,West,Hardware,Reseller,13,3027.69,39359.97,5.8,37077.09,12134.21,24942.88,Eva Rossi,Refunded,Education
TXN-0182,2024-03-01,Q1,East,SaaS Starter,Partner,7,3272.45,22907.15,15.9,19264.91,6122.72,13142.19,David Lee,Refunded,Education
TXN-0183,2024-07-24,Q3,West,Hardware,Reseller,3,553.37,1660.11,2.7,1615.29,511.41,1103.88,Hiro Yamamoto,Closed Won,Education
TXN-0184,2024-09-20,Q3,Central,SaaS Starter,Online,21,7464.68,156758.28,6.4,146725.75,48212.75,98513.0,Frank Chen,Refunded,Education
TXN-0185,2024-09-29,Q3,East,Support Plan,Direct,46,4590.81,211177.26,9.5,191115.42,48414.77,142700.65,Grace Patel,Refunded,Startup
TXN-0186,2024-12-18,Q4,Central,SaaS Pro,Reseller,39,3901.8,152170.2,19.3,122801.35,49928.67,72872.68,David Lee,Closed Won,Education
TXN-0187,2024-09-02,Q3,South,SaaS Starter,Partner,34,5106.4,173617.6,12.4,152089.02,63608.71,88480.31,Alice Tan,Refunded,Enterprise
TXN-0188,2024-04-07,Q2,West,SaaS Pro,Reseller,29,2646.8,76757.2,3.0,74454.48,28895.79,45558.69,Hiro Yamamoto,Closed Won,SMB
TXN-0189,2024-09-22,Q3,East,SaaS Starter,Partner,36,2735.39,98474.04,13.2,85475.47,30351.95,55123.52,Hiro Yamamoto,Refunded,Startup
TXN-0190,2024-10-06,Q4,East,Consulting,Reseller,44,6221.52,273746.88,14.4,234327.33,88730.81,145596.52,Hiro Yamamoto,Closed Won,SMB
TXN-0191,2024-05-22,Q2,East,Hardware,Partner,20,1953.96,39079.2,19.5,31458.76,9737.21,21721.55,Hiro Yamamoto,Closed Won,Government
TXN-0192,2024-06-27,Q2,West,Hardware,Enterprise,47,2332.97,109649.59,2.4,107018.0,41236.65,65781.35,Frank Chen,Closed Won,Startup
TXN-0193,2024-01-22,Q1,West,Consulting,Partner,46,816.43,37555.78,18.5,30607.96,11667.58,18940.38,David Lee,Refunded,Startup
TXN-0194,2024-10-14,Q4,North,Consulting,Reseller,9,1051.97,9467.73,14.8,8066.51,2402.66,5663.85,David Lee,Closed Won,Enterprise
TXN-0195,2024-02-21,Q1,North,Support Plan,Reseller,22,5795.39,127498.58,2.0,124948.61,50498.38,74450.23,Carol Smith,Pending,Government
TXN-0196,2024-09-01,Q3,North,SaaS Starter,Reseller,49,7718.53,378207.97,6.4,354002.66,134230.58,219772.08,David Lee,Refunded,Enterprise
TXN-0197,2024-03-30,Q1,West,Support Plan,Partner,12,7484.6,89815.2,0.7,89186.49,37212.23,51974.26,Eva Rossi,Closed Won,Enterprise
TXN-0198,2024-06-01,Q2,Central,Hardware,Reseller,39,1036.95,40441.05,19.7,32474.16,9966.72,22507.44,Hiro Yamamoto,Closed Won,Education
TXN-0199,2024-08-27,Q3,East,Consulting,Partner,13,6508.75,84613.75,6.6,79029.24,31313.27,47715.97,Alice Tan,Closed Won,Startup
TXN-0200,2024-10-17,Q4,West,SaaS Starter,Reseller,12,4965.45,59585.4,12.8,51958.47,17203.35,34755.12,Frank Chen,Closed Won,Government
TXN-0201,2024-12-08,Q4,North,SaaS Pro,Online,12,7857.14,94285.68,9.5,85328.54,37302.66,48025.88,Grace Patel,Closed Won,Government
TXN-0202,2024-05-16,Q2,East,Consulting,Partner,20,4743.19,94863.8,11.5,83954.46,25380.33,58574.13,Alice Tan,Closed Won,Government
TXN-0203,2024-06-06,Q2,East,SaaS Starter,Direct,26,5551.37,144335.62,18.5,117633.53,50295.43,67338.1,Eva Rossi,Closed Won,Education
TXN-0204,2024-04-23,Q2,East,SaaS Starter,Enterprise,9,3929.82,35368.38,9.1,32149.86,14395.67,17754.19,Hiro Yamamoto,Refunded,SMB
TXN-0205,2024-05-06,Q2,Central,Hardware,Direct,6,4298.95,25793.7,10.6,23059.57,7433.41,15626.16,Alice Tan,Refunded,Education
TXN-0206,2024-04-13,Q2,North,Hardware,Partner,35,1368.85,47909.75,6.6,44747.71,15843.75,28903.96,Hiro Yamamoto,Closed Won,Education
TXN-0207,2024-08-16,Q3,Central,SaaS Pro,Enterprise,30,1229.17,36875.1,8.3,33814.47,12267.29,21547.18,Eva Rossi,Closed Won,Government
TXN-0208,2024-05-10,Q2,North,SaaS Pro,Reseller,48,1899.63,91182.24,1.5,89814.51,30064.46,59750.05,Alice Tan,Closed Won,Government
TXN-0209,2024-01-17,Q1,West,Consulting,Online,27,1603.85,43303.95,2.7,42134.74,15939.78,26194.96,Grace Patel,Pending,Government
TXN-0210,2024-07-11,Q3,East,SaaS Pro,Direct,44,7720.33,339694.52,17.5,280247.98,77516.02,202731.96,Carol Smith,Refunded,Government
TXN-0211,2024-09-27,Q3,East,SaaS Starter,Enterprise,47,7834.05,368200.35,16.7,306710.89,123063.41,183647.48,Grace Patel,Refunded,Government
TXN-0212,2024-04-27,Q2,North,SaaS Starter,Direct,30,2900.05,87001.5,5.5,82216.42,35968.21,46248.21,Grace Patel,Refunded,Enterprise
TXN-0213,2024-05-03,Q2,North,SaaS Starter,Partner,5,986.99,4934.95,0.7,4900.41,1810.98,3089.43,Alice Tan,Pending,Government
TXN-0214,2024-04-29,Q2,East,Hardware,Partner,14,6084.21,85178.94,15.5,71976.2,20011.34,51964.86,Frank Chen,Refunded,Education
TXN-0215,2024-12-10,Q4,South,Consulting,Enterprise,16,2553.76,40860.16,2.9,39675.22,15157.62,24517.6,Eva Rossi,Closed Won,Enterprise
TXN-0216,2024-10-12,Q4,West,Hardware,Direct,48,7310.31,350894.88,12.5,307033.02,102991.19,204041.83,Frank Chen,Pending,Education
TXN-0217,2024-06-12,Q2,West,Support Plan,Partner,27,1363.9,36825.3,7.5,34063.4,13655.45,20407.95,David Lee,Closed Won,SMB
TXN-0218,2024-08-25,Q3,West,SaaS Pro,Partner,36,3418.88,123079.68,8.3,112864.07,40179.42,72684.65,Eva Rossi,Closed Won,Startup
TXN-0219,2024-11-27,Q4,South,SaaS Pro,Direct,29,6807.64,197421.56,1.8,193867.97,76561.75,117306.22,Eva Rossi,Pending,Education
TXN-0220,2024-11-04,Q4,Central,SaaS Pro,Partner,5,1667.67,8338.35,15.2,7070.92,2792.03,4278.89,Hiro Yamamoto,Closed Won,Startup
TXN-0221,2024-06-04,Q2,West,SaaS Pro,Partner,14,7509.85,105137.9,19.2,84951.42,23231.09,61720.33,David Lee,Pending,SMB
TXN-0222,2024-10-09,Q4,East,Consulting,Online,50,2407.86,120393.0,9.3,109196.45,41466.73,67729.72,Frank Chen,Refunded,Government
TXN-0223,2024-08-26,Q3,East,SaaS Pro,Online,47,3862.03,181515.41,16.8,151020.82,65371.79,85649.03,Grace Patel,Closed Won,Education
TXN-0224,2024-04-23,Q2,West,SaaS Starter,Online,2,2234.04,4468.08,18.7,3632.55,1328.89,2303.66,Carol Smith,Closed Won,Startup
TXN-0225,2024-04-27,Q2,East,Support Plan,Online,37,6700.23,247908.51,10.0,223117.66,84990.33,138127.33,Hiro Yamamoto,Pending,Government
TXN-0226,2024-03-27,Q1,Central,Consulting,Direct,11,1291.68,14208.48,10.9,12659.76,3630.94,9028.82,Alice Tan,Closed Won,Enterprise
TXN-0227,2024-01-04,Q1,North,Support Plan,Partner,9,6771.85,60946.65,4.6,58143.1,22759.18,35383.92,Hiro Yamamoto,Closed Won,Enterprise
TXN-0228,2024-11-12,Q4,West,Hardware,Direct,31,5342.42,165615.02,0.3,165118.17,58855.13,106263.04,Alice Tan,Refunded,Startup
TXN-0229,2024-10-01,Q4,South,Consulting,Direct,2,4117.29,8234.58,14.0,7081.74,2380.28,4701.46,Bob Kumar,Refunded,SMB
TXN-0230,2024-05-03,Q2,West,SaaS Starter,Direct,40,4306.36,172254.4,16.3,144176.93,43752.64,100424.29,Frank Chen,Pending,Government
TXN-0231,2024-10-16,Q4,North,SaaS Starter,Direct,45,1961.69,88276.05,13.7,76182.23,31964.04,44218.19,Grace Patel,Pending,Government
TXN-0232,2024-10-09,Q4,West,Support Plan,Online,4,5166.63,20666.52,14.1,17752.54,4731.71,13020.83,Bob Kumar,Refunded,Enterprise
TXN-0233,2024-04-27,Q2,North,SaaS Starter,Online,45,7122.92,320531.4,9.5,290080.92,75221.58,214859.34,Alice Tan,Closed Won,Startup
TXN-0234,2024-01-09,Q1,North,SaaS Starter,Online,38,1324.69,50338.22,16.4,42082.75,17429.85,24652.9,Carol Smith,Refunded,SMB
TXN-0235,2024-10-17,Q4,South,Support Plan,Direct,44,7192.9,316487.6,6.6,295599.42,118571.39,177028.03,Frank Chen,Closed Won,Enterprise
TXN-0236,2024-08-11,Q3,West,SaaS Starter,Online,5,2856.62,14283.1,15.4,12083.5,5328.48,6755.02,Alice Tan,Closed Won,Government
TXN-0237,2024-09-08,Q3,Central,SaaS Starter,Enterprise,23,4513.69,103814.87,7.5,96028.75,27574.42,68454.33,Bob Kumar,Refunded,Startup
TXN-0238,2024-05-06,Q2,South,SaaS Pro,Enterprise,6,2290.18,13741.08,7.6,12696.76,5164.76,7532.0,Frank Chen,Closed Won,Enterprise
TXN-0239,2024-02-16,Q1,North,SaaS Pro,Partner,20,3668.94,73378.8,15.2,62225.22,16828.58,45396.64,Grace Patel,Pending,Education
TXN-0240,2024-10-11,Q4,Central,Hardware,Reseller,27,1005.68,27153.36,1.8,26664.6,9621.76,17042.84,Frank Chen,Pending,Enterprise
TXN-0241,2024-05-29,Q2,South,Support Plan,Reseller,25,6277.52,156938.0,14.5,134181.99,48561.44,85620.55,Carol Smith,Pending,SMB
TXN-0242,2024-03-12,Q1,East,Consulting,Enterprise,20,2293.57,45871.4,2.9,44541.13,12624.8,31916.33,Eva Rossi,Pending,Enterprise
TXN-0243,2024-07-03,Q3,West,Consulting,Direct,16,5823.02,93168.32,9.9,83944.66,31339.38,52605.28,Carol Smith,Closed Won,Enterprise
TXN-0244,2024-07-21,Q3,West,Consulting,Reseller,40,3163.14,126525.6,17.2,104763.2,35414.63,69348.57,Carol Smith,Closed Won,Startup
TXN-0245,2024-11-04,Q4,East,SaaS Starter,Enterprise,31,2650.63,82169.53,19.3,66310.81,29425.09,36885.72,David Lee,Closed Won,Government
TXN-0246,2024-05-23,Q2,Central,Support Plan,Partner,24,1088.33,26119.92,11.3,23168.37,8536.28,14632.09,Alice Tan,Pending,SMB
TXN-0247,2024-08-12,Q3,West,Consulting,Partner,45,739.44,33274.8,17.0,27618.08,11296.05,16322.03,Eva Rossi,Closed Won,Startup
TXN-0248,2024-12-03,Q4,Central,SaaS Starter,Enterprise,46,3500.4,161018.4,7.5,148942.02,50612.49,98329.53,Grace Patel,Refunded,Education
TXN-0249,2024-12-20,Q4,Central,Support Plan,Reseller,35,486.77,17036.95,19.4,13731.78,5359.88,8371.9,Bob Kumar,Closed Won,SMB
TXN-0250,2024-12-02,Q4,West,Consulting,Online,11,5246.6,57712.6,0.9,57193.19,25549.44,31643.75,Grace Patel,Closed Won,Enterprise
TXN-0251,2024-02-20,Q1,Central,Consulting,Partner,15,4183.27,62749.05,10.4,56223.15,20583.5,35639.65,Hiro Yamamoto,Closed Won,Government
TXN-0252,2024-08-25,Q3,North,Hardware,Online,45,4103.63,184663.35,6.9,171921.58,43824.97,128096.61,Grace Patel,Closed Won,Enterprise
TXN-0253,2024-03-13,Q1,East,Consulting,Enterprise,20,2875.92,57518.4,15.7,48488.01,17175.57,31312.44,Bob Kumar,Pending,Government
TXN-0254,2024-06-12,Q2,East,SaaS Pro,Direct,20,548.53,10970.6,14.2,9412.77,2395.71,7017.06,Carol Smith,Closed Won,Education
TXN-0255,2024-03-30,Q1,West,Hardware,Partner,11,2781.72,30598.92,8.5,27998.01,9586.82,18411.19,Carol Smith,Pending,Government
TXN-0256,2024-01-15,Q1,South,Hardware,Partner,13,3706.69,48186.97,8.6,44042.89,11049.92,32992.97,Eva Rossi,Closed Won,Education
TXN-0257,2024-02-22,Q1,West,Hardware,Reseller,12,3053.19,36638.28,3.9,35209.39,9604.8,25604.59,Frank Chen,Refunded,Government
TXN-0258,2024-11-08,Q4,South,Support Plan,Online,38,1091.01,41458.38,7.0,38556.29,13169.75,25386.54,Bob Kumar,Closed Won,Startup
TXN-0259,2024-03-01,Q1,West,SaaS Starter,Enterprise,20,1112.2,22244.0,7.5,20575.7,5725.64,14850.06,Carol Smith,Refunded,Government
TXN-0260,2024-08-04,Q3,South,SaaS Starter,Reseller,32,5156.91,165021.12,13.9,142083.18,53856.92,88226.26,Carol Smith,Pending,Startup
TXN-0261,2024-03-12,Q1,North,SaaS Starter,Enterprise,21,6767.48,142117.08,12.4,124494.56,52674.2,71820.36,Carol Smith,Closed Won,Government
TXN-0262,2024-10-14,Q4,West,Hardware,Enterprise,42,4060.76,170551.92,13.7,147186.31,49031.6,98154.71,Carol Smith,Closed Won,Education
TXN-0263,2024-01-16,Q1,West,SaaS Starter,Reseller,19,455.02,8645.38,4.5,8256.34,2540.76,5715.58,Hiro Yamamoto,Refunded,Education
TXN-0264,2024-02-27,Q1,Central,Hardware,Direct,8,2289.53,18316.24,10.9,16319.77,7314.17,9005.6,Hiro Yamamoto,Refunded,SMB
TXN-0265,2024-08-05,Q3,North,SaaS Pro,Enterprise,48,6674.55,320378.4,15.0,272321.64,84294.93,188026.71,Eva Rossi,Closed Won,Enterprise
TXN-0266,2024-08-12,Q3,East,SaaS Pro,Reseller,50,6532.73,326636.5,4.2,312917.77,124391.88,188525.89,Grace Patel,Closed Won,Education
TXN-0267,2024-03-12,Q1,Central,SaaS Starter,Reseller,14,6482.44,90754.16,11.4,80408.19,28661.99,51746.2,Carol Smith,Closed Won,Startup
TXN-0268,2024-05-28,Q2,North,Hardware,Partner,18,7628.7,137316.6,10.3,123172.99,52968.21,70204.78,Grace Patel,Closed Won,Startup
TXN-0269,2024-12-01,Q4,South,SaaS Starter,Enterprise,45,6955.41,312993.45,5.0,297343.78,116641.71,180702.07,Hiro Yamamoto,Closed Won,Education
TXN-0270,2024-11-19,Q4,North,Consulting,Enterprise,41,3430.96,140669.36,9.0,128009.12,48224.31,79784.81,Eva Rossi,Closed Won,Government
TXN-0271,2024-09-06,Q3,West,Consulting,Online,38,219.29,8333.02,15.5,7041.4,2792.23,4249.17,Bob Kumar,Refunded,Government
TXN-0272,2024-04-21,Q2,Central,Support Plan,Reseller,14,4058.78,56822.92,6.5,53129.43,16295.79,36833.64,Carol Smith,Refunded,Government
TXN-0273,2024-06-24,Q2,North,SaaS Pro,Partner,3,976.68,2930.04,15.7,2470.02,844.54,1625.48,Hiro Yamamoto,Pending,Enterprise
TXN-0274,2024-08-07,Q3,East,SaaS Starter,Direct,45,7293.38,328202.1,17.6,270438.53,83936.85,186501.68,Frank Chen,Closed Won,Enterprise
TXN-0275,2024-07-09,Q3,South,SaaS Starter,Enterprise,4,3291.46,13165.84,6.1,12362.72,4820.08,7542.64,Bob Kumar,Closed Won,Enterprise
TXN-0276,2024-04-19,Q2,North,Support Plan,Direct,5,1235.06,6175.3,4.5,5897.41,2276.38,3621.03,Frank Chen,Closed Won,Government
TXN-0277,2024-12-21,Q4,North,SaaS Starter,Direct,31,752.46,23326.26,7.7,21530.14,8529.22,13000.92,Frank Chen,Closed Won,Startup
TXN-0278,2024-03-11,Q1,South,Support Plan,Direct,50,6544.27,327213.5,17.5,269951.14,102126.63,167824.51,Alice Tan,Refunded,SMB
TXN-0279,2024-08-13,Q3,Central,Consulting,Enterprise,47,1861.83,87506.01,15.0,74380.11,32279.39,42100.72,David Lee,Closed Won,Enterprise
TXN-0280,2024-03-12,Q1,South,SaaS Pro,Partner,38,5894.07,223974.66,7.0,208296.43,69962.14,138334.29,Eva Rossi,Closed Won,SMB
TXN-0281,2024-10-10,Q4,North,Hardware,Online,39,5825.2,227182.8,5.7,214233.38,93889.03,120344.35,David Lee,Refunded,Education
TXN-0282,2024-09-17,Q3,South,SaaS Starter,Enterprise,48,3255.66,156271.68,12.9,136112.63,55365.22,80747.41,Grace Patel,Closed Won,SMB
TXN-0283,2024-09-12,Q3,East,Hardware,Partner,5,4320.63,21603.15,19.6,17368.93,7770.45,9598.48,Grace Patel,Refunded,Government
TXN-0284,2024-07-06,Q3,North,Hardware,Direct,44,1547.61,68094.84,9.4,61693.93,27606.38,34087.55,Bob Kumar,Closed Won,Startup
TXN-0285,2024-04-20,Q2,Central,SaaS Pro,Enterprise,4,7599.7,30398.8,8.0,27966.9,8594.16,19372.74,Grace Patel,Pending,Enterprise
TXN-0286,2024-11-23,Q4,Central,Hardware,Partner,35,5005.17,175180.95,5.5,165546.0,51647.27,113898.73,Carol Smith,Refunded,Startup
TXN-0287,2024-07-19,Q3,East,Hardware,Enterprise,41,6153.15,252279.15,13.0,219482.86,83103.0,136379.86,David Lee,Closed Won,SMB
TXN-0288,2024-02-14,Q1,South,Support Plan,Direct,8,3736.3,29890.4,12.2,26243.77,8184.33,18059.44,Alice Tan,Closed Won,Enterprise
TXN-0289,2024-03-24,Q1,South,Support Plan,Online,23,4279.44,98427.12,15.7,82974.06,32704.48,50269.58,Carol Smith,Closed Won,Enterprise
TXN-0290,2024-01-16,Q1,Central,Consulting,Direct,28,2321.45,65000.6,1.3,64155.59,25178.8,38976.79,Hiro Yamamoto,Pending,Education
TXN-0291,2024-07-03,Q3,North,SaaS Pro,Reseller,32,6903.01,220896.32,3.3,213606.74,60122.18,153484.56,Bob Kumar,Closed Won,Education
TXN-0292,2024-01-02,Q1,South,SaaS Pro,Partner,1,2107.5,2107.5,9.4,1909.39,623.6,1285.79,Alice Tan,Refunded,Government
TXN-0293,2024-04-24,Q2,North,Consulting,Reseller,16,3446.8,55148.8,14.4,47207.37,14362.92,32844.45,Frank Chen,Closed Won,Education
TXN-0294,2024-12-10,Q4,West,SaaS Pro,Direct,12,1940.84,23290.08,10.3,20891.2,5414.7,15476.5,Hiro Yamamoto,Closed Won,Startup
TXN-0295,2024-06-16,Q2,East,SaaS Pro,Reseller,36,3762.62,135454.32,7.4,125430.7,38672.67,86758.03,David Lee,Pending,Startup
TXN-0296,2024-10-29,Q4,South,Support Plan,Partner,50,6251.91,312595.5,14.6,266956.56,95920.66,171035.9,Alice Tan,Pending,Enterprise
TXN-0297,2024-04-29,Q2,East,Hardware,Direct,23,5160.35,118688.05,13.9,102190.41,25743.7,76446.71,Grace Patel,Closed Won,Enterprise
TXN-0298,2024-04-15,Q2,South,Hardware,Online,16,3474.56,55592.96,19.2,44919.11,19967.08,24952.03,Bob Kumar,Closed Won,SMB
TXN-0299,2024-09-23,Q3,Central,Support Plan,Direct,45,7185.51,323347.95,9.2,293599.94,117316.63,176283.31,Carol Smith,Pending,Enterprise
TXN-0300,2024-10-30,Q4,East,Hardware,Online,4,3592.87,14371.48,19.3,11597.78,3448.65,8149.13,Grace Patel,Closed Won,Startup
TXN-0301,2024-08-19,Q3,Central,Consulting,Direct,15,782.56,11738.4,4.1,11257.13,4570.25,6686.88,Carol Smith,Closed Won,SMB
TXN-0302,2024-08-18,Q3,South,Support Plan,Enterprise,21,3370.8,70786.8,10.7,63212.61,27998.57,35214.04,Eva Rossi,Pending,Startup
TXN-0303,2024-03-02,Q1,Central,SaaS Pro,Direct,11,6499.26,71491.86,6.1,67130.86,26244.2,40886.66,David Lee,Closed Won,SMB
TXN-0304,2024-02-16,Q1,South,SaaS Starter,Direct,23,3290.71,75686.33,1.0,74929.47,23210.76,51718.71,Grace Patel,Pending,Education
TXN-0305,2024-10-08,Q4,North,SaaS Starter,Direct,7,3803.94,26627.58,16.1,22340.54,6209.75,16130.79,David Lee,Closed Won,SMB
TXN-0306,2024-07-24,Q3,East,Consulting,Direct,44,5116.32,225118.08,12.9,196077.85,71855.62,124222.23,Alice Tan,Closed Won,SMB
TXN-0307,2024-11-26,Q4,North,Support Plan,Direct,9,917.43,8256.87,16.9,6861.46,2825.39,4036.07,Hiro Yamamoto,Closed Won,SMB
TXN-0308,2024-10-20,Q4,South,Support Plan,Online,47,3280.99,154206.53,0.6,153281.29,59265.07,94016.22,David Lee,Closed Won,Startup
TXN-0309,2024-05-23,Q2,East,Support Plan,Enterprise,10,470.27,4702.7,12.4,4119.57,1232.4,2887.17,Grace Patel,Refunded,Government
TXN-0310,2024-02-01,Q1,Central,SaaS Pro,Partner,18,3187.52,57375.36,8.4,52555.83,19893.98,32661.85,Alice Tan,Pending,Startup
TXN-0311,2024-09-02,Q3,East,Hardware,Partner,32,2883.47,92271.04,11.3,81844.41,25725.41,56119.0,Alice Tan,Closed Won,Education
TXN-0312,2024-04-22,Q2,East,SaaS Pro,Reseller,50,2391.27,119563.5,16.2,100194.21,34500.56,65693.65,David Lee,Closed Won,Enterprise
TXN-0313,2024-05-06,Q2,South,SaaS Starter,Reseller,18,4362.78,78530.04,15.8,66122.29,26277.79,39844.5,Grace Patel,Closed Won,SMB
TXN-0314,2024-03-31,Q1,Central,SaaS Starter,Direct,38,2680.43,101856.34,14.8,86781.6,27922.55,58859.05,Frank Chen,Refunded,Education
TXN-0315,2024-03-13,Q1,Central,Hardware,Online,13,6726.24,87441.12,16.2,73275.66,32540.07,40735.59,Carol Smith,Pending,Enterprise
TXN-0316,2024-02-16,Q1,East,SaaS Pro,Reseller,15,4892.97,73394.55,0.4,73100.97,25263.53,47837.44,David Lee,Closed Won,Startup
TXN-0317,2024-03-31,Q1,North,Consulting,Reseller,4,370.92,1483.68,11.7,1310.09,567.85,742.24,Frank Chen,Closed Won,Startup
TXN-0318,2024-12-26,Q4,South,Support Plan,Enterprise,38,988.05,37545.9,6.0,35293.15,9786.45,25506.7,Hiro Yamamoto,Closed Won,SMB
TXN-0319,2024-12-28,Q4,Central,Hardware,Partner,45,7138.88,321249.6,12.3,281735.9,90540.09,191195.81,Grace Patel,Closed Won,Startup
TXN-0320,2024-03-06,Q1,Central,SaaS Starter,Direct,47,214.02,10058.94,14.0,8650.69,3153.76,5496.93,Carol Smith,Refunded,Startup
TXN-0321,2024-11-09,Q4,North,SaaS Starter,Partner,41,4611.29,189062.89,18.7,153708.13,42750.64,110957.49,Frank Chen,Closed Won,SMB
TXN-0322,2024-11-21,Q4,North,SaaS Pro,Online,46,5426.19,249604.74,14.6,213162.45,67604.45,145558.0,David Lee,Closed Won,Enterprise
TXN-0323,2024-06-28,Q2,West,Consulting,Partner,7,5819.23,40734.61,1.0,40327.26,13616.26,26711.0,Grace Patel,Pending,Government
TXN-0324,2024-06-28,Q2,South,Hardware,Partner,25,991.14,24778.5,9.6,22399.76,9470.85,12928.91,Hiro Yamamoto,Closed Won,Enterprise
TXN-0325,2024-05-30,Q2,West,SaaS Pro,Partner,21,2236.8,46972.8,2.1,45986.37,14640.3,31346.07,Bob Kumar,Refunded,Enterprise
TXN-0326,2024-06-22,Q2,South,Hardware,Reseller,40,7167.16,286686.4,14.1,246263.62,82809.75,163453.87,Grace Patel,Closed Won,Enterprise
TXN-0327,2024-02-21,Q1,Central,Consulting,Online,14,7800.31,109204.34,8.2,100249.58,36172.3,64077.28,Eva Rossi,Closed Won,SMB
TXN-0328,2024-02-19,Q1,East,SaaS Pro,Direct,26,4659.8,121154.8,16.8,100800.79,28296.59,72504.2,Grace Patel,Closed Won,Startup
TXN-0329,2024-12-04,Q4,East,Hardware,Direct,31,1757.46,54481.26,0.5,54208.85,15404.34,38804.51,Hiro Yamamoto,Closed Won,Startup
TXN-0330,2024-07-22,Q3,West,Support Plan,Partner,32,7180.04,229761.28,5.3,217583.93,82327.94,135255.99,Frank Chen,Pending,Startup
TXN-0331,2024-04-05,Q2,East,Support Plan,Reseller,3,2253.71,6761.13,9.3,6132.34,1810.56,4321.78,Alice Tan,Closed Won,Enterprise
TXN-0332,2024-02-13,Q1,North,Consulting,Enterprise,35,3429.1,120018.5,15.1,101895.71,30110.44,71785.27,Grace Patel,Refunded,Government
TXN-0333,2024-10-20,Q4,North,SaaS Starter,Reseller,31,2531.05,78462.55,7.9,72264.01,30407.83,41856.18,Carol Smith,Closed Won,Government
TXN-0334,2024-03-29,Q1,West,SaaS Starter,Partner,14,6505.99,91083.86,2.5,88806.76,29721.4,59085.36,Carol Smith,Refunded,Startup
TXN-0335,2024-06-12,Q2,East,SaaS Pro,Reseller,6,3227.17,19363.02,7.9,17833.34,5621.52,12211.82,Hiro Yamamoto,Closed Won,Education
TXN-0336,2024-10-27,Q4,Central,Hardware,Direct,27,1077.65,29096.55,3.0,28223.65,10254.18,17969.47,Bob Kumar,Refunded,Enterprise
TXN-0337,2024-05-26,Q2,Central,Hardware,Reseller,23,7047.57,162094.11,5.3,153503.12,58478.17,95024.95,Hiro Yamamoto,Closed Won,SMB
TXN-0338,2024-05-21,Q2,West,Support Plan,Online,10,5022.31,50223.1,13.6,43392.76,14334.54,29058.22,David Lee,Closed Won,Government
TXN-0339,2024-05-17,Q2,West,Consulting,Direct,2,2835.36,5670.72,15.9,4769.08,1488.86,3280.22,David Lee,Closed Won,Startup
TXN-0340,2024-08-14,Q3,West,Consulting,Partner,18,5884.64,105923.52,12.1,93106.77,24939.33,68167.44,Grace Patel,Pending,Education
TXN-0341,2024-07-10,Q3,West,SaaS Pro,Partner,33,6373.63,210329.79,1.3,207595.5,81359.56,126235.94,Alice Tan,Closed Won,SMB
TXN-0342,2024-04-12,Q2,South,SaaS Pro,Online,16,457.95,7327.2,1.0,7253.93,2336.31,4917.62,Frank Chen,Pending,Education
TXN-0343,2024-07-22,Q3,South,SaaS Pro,Enterprise,44,438.39,19289.16,7.4,17861.76,6587.57,11274.19,Frank Chen,Closed Won,SMB
TXN-0344,2024-05-12,Q2,South,SaaS Pro,Partner,19,414.11,7868.09,1.0,7789.41,3277.51,4511.9,David Lee,Closed Won,Startup
TXN-0345,2024-11-29,Q4,North,Support Plan,Enterprise,33,356.41,11761.53,15.6,9926.73,4005.58,5921.15,Carol Smith,Closed Won,Education
TXN-0346,2024-01-05,Q1,East,SaaS Starter,Enterprise,17,4945.08,84066.36,18.9,68177.82,26763.07,41414.75,Grace Patel,Closed Won,Government
TXN-0347,2024-05-09,Q2,Central,SaaS Starter,Direct,30,2556.73,76701.9,10.4,68724.9,25752.68,42972.22,Alice Tan,Refunded,Startup
TXN-0348,2024-10-14,Q4,East,Hardware,Online,39,2404.88,93790.32,13.7,80941.05,28033.75,52907.3,Frank Chen,Closed Won,Startup
TXN-0349,2024-12-01,Q4,Central,Consulting,Enterprise,13,1369.45,17802.85,15.3,15079.01,6483.03,8595.98,Frank Chen,Closed Won,Enterprise
TXN-0350,2024-12-01,Q4,North,Support Plan,Reseller,19,2223.52,42246.88,8.4,38698.14,12679.64,26018.5,David Lee,Closed Won,SMB
TXN-0351,2024-12-17,Q4,Central,Hardware,Online,41,6322.2,259210.2,18.1,212293.15,81599.9,130693.25,Carol Smith,Refunded,SMB
TXN-0352,2024-05-30,Q2,South,SaaS Pro,Online,31,1197.96,37136.76,5.2,35205.65,14493.07,20712.58,Bob Kumar,Closed Won,Startup
TXN-0353,2024-04-24,Q2,East,Consulting,Enterprise,27,6347.11,171371.97,6.6,160061.42,48356.45,111704.97,Bob Kumar,Pending,Enterprise
TXN-0354,2024-11-20,Q4,Central,Hardware,Direct,38,7565.55,287490.9,1.4,283466.03,121290.92,162175.11,Grace Patel,Refunded,Startup
TXN-0355,2024-07-30,Q3,Central,SaaS Pro,Enterprise,10,1271.45,12714.5,4.0,12205.92,4050.39,8155.53,Carol Smith,Closed Won,SMB
TXN-0356,2024-02-11,Q1,North,Support Plan,Enterprise,22,5122.06,112685.32,3.5,108741.33,40984.58,67756.75,Eva Rossi,Closed Won,SMB
TXN-0357,2024-10-22,Q4,West,SaaS Starter,Enterprise,32,6324.65,202388.8,15.6,170816.15,47124.96,123691.19,Grace Patel,Pending,Government
TXN-0358,2024-07-15,Q3,East,SaaS Pro,Reseller,3,4363.5,13090.5,14.6,11179.29,4919.04,6260.25,David Lee,Closed Won,Enterprise
TXN-0359,2024-11-16,Q4,West,SaaS Starter,Reseller,15,5609.49,84142.35,6.9,78336.53,21604.13,56732.4,Eva Rossi,Closed Won,Enterprise
TXN-0360,2024-01-24,Q1,West,Consulting,Partner,19,3756.23,71368.37,10.4,63946.06,22689.57,41256.49,Frank Chen,Pending,Startup
TXN-0361,2024-04-06,Q2,South,SaaS Starter,Direct,26,349.17,9078.42,4.5,8669.89,3875.23,4794.66,Carol Smith,Closed Won,Startup
TXN-0362,2024-12-30,Q4,North,SaaS Pro,Reseller,25,7037.04,175926.0,5.1,166953.77,59593.6,107360.17,Alice Tan,Closed Won,Enterprise
TXN-0363,2024-01-25,Q1,South,SaaS Pro,Partner,27,3665.65,98972.55,2.5,96498.24,29002.32,67495.92,Alice Tan,Closed Won,Government
TXN-0364,2024-12-04,Q4,West,SaaS Pro,Direct,43,4258.41,183111.63,12.5,160222.68,62510.12,97712.56,Bob Kumar,Closed Won,Enterprise
TXN-0365,2024-02-24,Q1,South,Support Plan,Online,13,4950.21,64352.73,15.6,54313.7,22610.78,31702.92,Grace Patel,Closed Won,SMB
TXN-0366,2024-01-21,Q1,South,Hardware,Direct,32,7300.78,233624.96,13.8,201384.72,69705.85,131678.87,Alice Tan,Closed Won,Enterprise
TXN-0367,2024-10-20,Q4,North,Support Plan,Online,10,7605.68,76056.8,15.6,64191.94,17011.48,47180.46,David Lee,Pending,Startup
TXN-0368,2024-05-15,Q2,East,Support Plan,Online,4,978.51,3914.04,3.5,3777.05,974.06,2802.99,Frank Chen,Pending,Enterprise
TXN-0369,2024-02-18,Q1,East,SaaS Pro,Enterprise,1,6845.59,6845.59,13.3,5935.13,1686.19,4248.94,Eva Rossi,Closed Won,Startup
TXN-0370,2024-06-24,Q2,West,SaaS Starter,Enterprise,8,3326.06,26608.48,19.2,21499.65,6543.78,14955.87,Grace Patel,Closed Won,Enterprise
TXN-0371,2024-03-08,Q1,Central,SaaS Pro,Enterprise,11,1008.96,11098.56,18.2,9078.62,3146.06,5932.56,Carol Smith,Refunded,Government
TXN-0372,2024-07-02,Q3,South,Hardware,Enterprise,2,6928.09,13856.18,17.6,11417.49,4515.11,6902.38,Hiro Yamamoto,Closed Won,Government
TXN-0373,2024-08-13,Q3,Central,SaaS Pro,Reseller,5,2240.58,11202.9,6.3,10497.12,4103.47,6393.65,David Lee,Closed Won,Education
TXN-0374,2024-09-24,Q3,West,Hardware,Partner,7,3576.21,25033.47,14.5,21403.62,7413.91,13989.71,Alice Tan,Closed Won,SMB
TXN-0375,2024-09-15,Q3,South,Support Plan,Online,32,6981.44,223406.08,1.5,220054.99,76651.66,143403.33,Eva Rossi,Closed Won,Education
TXN-0376,2024-04-24,Q2,West,Hardware,Reseller,42,3153.37,132441.54,16.3,110853.57,29461.12,81392.45,Hiro Yamamoto,Closed Won,Government
TXN-0377,2024-08-16,Q3,West,Consulting,Enterprise,8,7849.23,62793.84,14.9,53437.56,13549.3,39888.26,Alice Tan,Refunded,Education
TXN-0378,2024-01-01,Q1,Central,SaaS Pro,Partner,39,7712.74,300796.86,12.8,262294.86,112268.02,150026.84,Hiro Yamamoto,Closed Won,Startup
TXN-0379,2024-01-28,Q1,East,SaaS Starter,Enterprise,30,2789.39,83681.7,15.3,70878.4,26224.32,44654.08,Bob Kumar,Closed Won,SMB
TXN-0380,2024-01-02,Q1,Central,Consulting,Online,23,6673.09,153481.07,19.3,123859.22,38197.78,85661.44,Bob Kumar,Closed Won,SMB
TXN-0381,2024-09-09,Q3,South,SaaS Starter,Partner,46,5991.58,275612.68,8.2,253012.44,76120.78,176891.66,Bob Kumar,Pending,SMB
TXN-0382,2024-08-22,Q3,Central,SaaS Starter,Direct,46,2835.88,130450.48,15.1,110752.46,28718.12,82034.34,Hiro Yamamoto,Pending,Education
TXN-0383,2024-09-15,Q3,West,SaaS Starter,Reseller,32,233.83,7482.56,14.7,6382.62,2301.86,4080.76,Hiro Yamamoto,Refunded,SMB
TXN-0384,2024-12-20,Q4,Central,Hardware,Reseller,12,5897.86,70774.32,2.6,68934.19,22574.65,46359.54,Frank Chen,Refunded,Government
TXN-0385,2024-08-02,Q3,East,Hardware,Enterprise,45,6146.52,276593.4,5.5,261380.76,115718.15,145662.61,Carol Smith,Closed Won,Government
TXN-0386,2024-11-04,Q4,Central,Hardware,Partner,20,6775.98,135519.6,11.0,120612.44,37725.42,82887.02,David Lee,Closed Won,Education
TXN-0387,2024-12-31,Q4,South,Consulting,Reseller,44,2893.29,127304.76,13.4,110245.92,49199.13,61046.79,Frank Chen,Closed Won,Startup
TXN-0388,2024-10-14,Q4,Central,Support Plan,Online,38,4650.98,176737.24,13.3,153231.19,51101.93,102129.26,Grace Patel,Closed Won,Education
TXN-0389,2024-02-24,Q1,South,SaaS Pro,Online,25,1333.55,33338.75,13.4,28871.36,8372.13,20499.23,Eva Rossi,Closed Won,Enterprise
TXN-0390,2024-12-19,Q4,North,Consulting,Reseller,14,6078.03,85092.42,0.6,84581.87,34915.84,49666.03,David Lee,Refunded,Government
TXN-0391,2024-05-01,Q2,West,Hardware,Enterprise,45,2443.58,109961.1,13.3,95336.27,41499.59,53836.68,Frank Chen,Refunded,Enterprise
TXN-0392,2024-01-07,Q1,South,Consulting,Online,13,5040.38,65524.94,15.6,55303.05,23449.8,31853.25,David Lee,Closed Won,Startup
TXN-0393,2024-08-17,Q3,North,SaaS Starter,Enterprise,44,780.86,34357.84,19.2,27761.13,11021.61,16739.52,Alice Tan,Pending,Startup
TXN-0394,2024-10-11,Q4,West,Consulting,Partner,9,1455.25,13097.25,16.9,10883.81,2733.24,8150.57,Alice Tan,Closed Won,Startup
TXN-0395,2024-11-01,Q4,West,SaaS Pro,Reseller,50,7472.58,373629.0,12.3,327672.63,125294.82,202377.81,Frank Chen,Closed Won,Startup
TXN-0396,2024-09-26,Q3,Central,SaaS Starter,Reseller,12,4260.73,51128.76,15.7,43101.54,12149.21,30952.33,Grace Patel,Closed Won,Startup
TXN-0397,2024-04-23,Q2,Central,SaaS Starter,Reseller,43,2788.69,119913.67,7.2,111279.89,32681.69,78598.2,Hiro Yamamoto,Refunded,Enterprise
TXN-0398,2024-02-28,Q1,South,Consulting,Direct,29,2074.71,60166.59,12.8,52465.27,22755.31,29709.96,Frank Chen,Pending,Enterprise
TXN-0399,2024-07-16,Q3,East,Consulting,Reseller,35,5847.01,204645.35,0.5,203622.12,71954.67,131667.45,Hiro Yamamoto,Pending,Enterprise
TXN-0400,2024-05-31,Q2,Central,SaaS Starter,Reseller,21,4208.38,88375.98,19.0,71584.54,20292.71,51291.83,Alice Tan,Closed Won,SMB
TXN-0401,2024-12-09,Q4,West,SaaS Starter,Direct,44,3508.83,154388.52,2.1,151146.36,54042.51,97103.85,Carol Smith,Closed Won,Government
TXN-0402,2024-06-18,Q2,North,SaaS Pro,Reseller,6,771.33,4627.98,3.6,4461.37,1340.11,3121.26,David Lee,Closed Won,Government
TXN-0403,2024-07-17,Q3,North,Support Plan,Reseller,41,3354.69,137542.29,6.3,128877.13,42258.86,86618.27,Alice Tan,Refunded,Enterprise
TXN-0404,2024-10-26,Q4,East,SaaS Pro,Online,45,6816.36,306736.2,7.2,284651.19,99789.42,184861.77,Bob Kumar,Closed Won,Government
TXN-0405,2024-07-14,Q3,West,Support Plan,Reseller,43,440.39,18936.77,3.1,18349.73,5394.33,12955.4,Eva Rossi,Closed Won,Startup
TXN-0406,2024-12-12,Q4,North,Consulting,Reseller,1,4517.49,4517.49,11.1,4016.05,1103.0,2913.05,Grace Patel,Refunded,Education
TXN-0407,2024-02-13,Q1,West,Consulting,Reseller,14,6036.71,84513.94,18.1,69216.92,22064.3,47152.62,Carol Smith,Closed Won,SMB
TXN-0408,2024-04-23,Q2,North,Hardware,Reseller,17,1715.74,29167.58,3.6,28117.55,11526.28,16591.27,Hiro Yamamoto,Refunded,Enterprise
TXN-0409,2024-05-28,Q2,East,SaaS Pro,Online,17,965.98,16421.66,14.5,14040.52,4878.21,9162.31,Carol Smith,Closed Won,Enterprise
TXN-0410,2024-05-25,Q2,Central,Hardware,Online,5,7220.93,36104.65,6.4,33793.95,11494.31,22299.64,Carol Smith,Refunded,Education
TXN-0411,2024-07-05,Q3,West,Consulting,Online,28,1515.39,42430.92,6.3,39757.77,16186.66,23571.11,Frank Chen,Closed Won,Startup
TXN-0412,2024-09-02,Q3,South,Support Plan,Reseller,29,2998.18,86947.22,6.1,81643.44,29418.94,52224.5,Bob Kumar,Closed Won,SMB
TXN-0413,2024-10-02,Q4,North,SaaS Starter,Reseller,17,5921.65,100668.05,12.5,88084.54,34836.12,53248.42,Alice Tan,Refunded,Education
TXN-0414,2024-07-26,Q3,Central,Hardware,Enterprise,14,7269.17,101768.38,11.0,90573.86,32488.29,58085.57,Carol Smith,Closed Won,Government
TXN-0415,2024-04-24,Q2,North,Hardware,Enterprise,47,6885.88,323636.36,2.7,314898.18,110285.1,204613.08,Frank Chen,Refunded,Enterprise
TXN-0416,2024-12-05,Q4,South,SaaS Starter,Partner,40,5536.46,221458.4,15.1,188018.18,52282.99,135735.19,Carol Smith,Pending,Startup
TXN-0417,2024-01-21,Q1,North,SaaS Starter,Partner,49,4003.61,196176.89,1.3,193626.59,62713.14,130913.45,Frank Chen,Pending,Government
TXN-0418,2024-08-20,Q3,Central,SaaS Pro,Online,3,7848.6,23545.8,6.5,22015.32,8602.43,13412.89,Eva Rossi,Refunded,Education
TXN-0419,2024-10-18,Q4,North,SaaS Starter,Reseller,25,5298.67,132466.75,7.3,122796.68,46744.68,76052.0,Eva Rossi,Pending,SMB
TXN-0420,2024-09-21,Q3,Central,Support Plan,Direct,23,6574.45,151212.35,6.9,140778.7,57512.53,83266.17,Carol Smith,Pending,SMB
TXN-0421,2024-04-27,Q2,East,SaaS Pro,Reseller,33,5219.12,172230.96,4.2,164997.26,47417.1,117580.16,Bob Kumar,Closed Won,Government
TXN-0422,2024-06-18,Q2,West,SaaS Pro,Direct,31,5466.79,169470.49,9.6,153201.32,56402.32,96799.0,David Lee,Closed Won,SMB
TXN-0423,2024-10-20,Q4,South,Hardware,Direct,11,1250.85,13759.35,10.3,12342.14,5284.4,7057.74,Carol Smith,Closed Won,SMB
TXN-0424,2024-09-21,Q3,East,Support Plan,Direct,39,7760.1,302643.9,12.8,263905.48,112345.04,151560.44,David Lee,Pending,Education
TXN-0425,2024-08-29,Q3,Central,Support Plan,Partner,11,1911.04,21021.44,8.2,19297.68,5375.22,13922.46,Eva Rossi,Closed Won,Startup
TXN-0426,2024-08-20,Q3,North,Hardware,Partner,38,736.97,28004.86,7.6,25876.49,7153.37,18723.12,Grace Patel,Closed Won,Education
TXN-0427,2024-02-19,Q1,Central,SaaS Starter,Reseller,31,7232.54,224208.74,12.0,197303.69,83962.69,113341.0,Bob Kumar,Closed Won,Government
TXN-0428,2024-12-03,Q4,West,SaaS Starter,Reseller,39,4406.43,171850.77,0.0,171850.77,75192.78,96657.99,Grace Patel,Closed Won,Enterprise
TXN-0429,2024-12-23,Q4,West,Hardware,Online,28,1989.99,55719.72,16.0,46804.56,19092.1,27712.46,Bob Kumar,Pending,SMB
TXN-0430,2024-05-10,Q2,Central,Support Plan,Enterprise,50,2013.6,100680.0,17.2,83363.04,25563.55,57799.49,Eva Rossi,Closed Won,Enterprise
TXN-0431,2024-12-29,Q4,South,SaaS Pro,Online,37,4275.82,158205.34,10.4,141751.98,46070.24,95681.74,Grace Patel,Closed Won,Enterprise
TXN-0432,2024-03-20,Q1,Central,Support Plan,Online,42,4765.89,200167.38,5.2,189758.68,67785.78,121972.9,Eva Rossi,Pending,SMB
TXN-0433,2024-07-30,Q3,East,Hardware,Online,36,3963.25,142677.0,7.4,132118.9,47692.58,84426.32,Frank Chen,Pending,SMB
TXN-0434,2024-12-03,Q4,North,SaaS Pro,Partner,48,1992.22,95626.56,15.7,80613.19,35457.63,45155.56,Grace Patel,Closed Won,Education
TXN-0435,2024-11-10,Q4,South,SaaS Pro,Enterprise,11,3235.01,35585.11,12.7,31065.8,12764.13,18301.67,Grace Patel,Closed Won,Enterprise
TXN-0436,2024-05-14,Q2,West,SaaS Starter,Reseller,24,824.31,19783.44,0.8,19625.17,6414.79,13210.38,Eva Rossi,Refunded,Enterprise
TXN-0437,2024-03-30,Q1,Central,Support Plan,Online,29,283.54,8222.66,17.0,6824.81,2976.65,3848.16,David Lee,Closed Won,Education
TXN-0438,2024-09-18,Q3,South,Hardware,Direct,45,2007.03,90316.35,3.4,87245.59,22440.63,64804.96,Carol Smith,Closed Won,Startup
TXN-0439,2024-07-23,Q3,North,Consulting,Direct,43,3282.12,141131.16,11.7,124618.81,44058.8,80560.01,Eva Rossi,Refunded,Education
TXN-0440,2024-06-27,Q2,West,Consulting,Reseller,18,1965.11,35371.98,19.3,28545.19,9732.53,18812.66,Alice Tan,Closed Won,SMB
TXN-0441,2024-07-27,Q3,North,Hardware,Reseller,7,4557.32,31901.24,10.1,28679.21,9119.79,19559.42,Eva Rossi,Refunded,Education
TXN-0442,2024-05-08,Q2,West,Support Plan,Enterprise,25,4592.72,114818.0,15.4,97136.03,38999.6,58136.43,Alice Tan,Pending,Enterprise
TXN-0443,2024-05-12,Q2,South,SaaS Pro,Online,25,5142.56,128564.0,19.9,102979.76,39686.61,63293.15,Grace Patel,Closed Won,Education
TXN-0444,2024-10-01,Q4,East,SaaS Pro,Direct,45,6690.98,301094.1,5.0,286039.39,76830.72,209208.67,Carol Smith,Pending,Startup
TXN-0445,2024-06-30,Q2,South,SaaS Starter,Enterprise,37,2298.79,85055.23,18.9,68979.79,26669.07,42310.72,David Lee,Closed Won,SMB
TXN-0446,2024-05-15,Q2,South,SaaS Starter,Direct,15,1781.58,26723.7,5.0,25387.51,9487.8,15899.71,Bob Kumar,Closed Won,Government
TXN-0447,2024-11-10,Q4,East,SaaS Pro,Reseller,49,6885.3,337379.7,19.2,272602.8,114384.71,158218.09,Frank Chen,Pending,Education
TXN-0448,2024-05-20,Q2,South,Support Plan,Reseller,12,7878.28,94539.36,18.3,77238.66,23639.15,53599.51,Carol Smith,Closed Won,Education
TXN-0449,2024-08-04,Q3,South,Support Plan,Enterprise,35,453.99,15889.65,6.9,14793.26,6243.94,8549.32,Bob Kumar,Refunded,Government
TXN-0450,2024-06-10,Q2,East,SaaS Pro,Reseller,1,5458.0,5458.0,7.6,5043.19,1362.42,3680.77,Eva Rossi,Closed Won,Education
TXN-0451,2024-05-14,Q2,West,SaaS Starter,Enterprise,18,3876.49,69776.82,12.3,61194.27,19777.06,41417.21,David Lee,Pending,Startup
TXN-0452,2024-07-05,Q3,South,Support Plan,Direct,18,3715.69,66882.42,11.4,59257.82,26420.37,32837.45,Eva Rossi,Closed Won,Education
TXN-0453,2024-08-09,Q3,North,Support Plan,Partner,13,1337.58,17388.54,19.2,14049.94,3932.71,10117.23,Grace Patel,Pending,SMB
TXN-0454,2024-11-18,Q4,Central,Hardware,Reseller,35,5820.37,203712.95,15.7,171730.02,53237.48,118492.54,Alice Tan,Pending,Enterprise
TXN-0455,2024-12-19,Q4,North,SaaS Starter,Enterprise,4,1880.65,7522.6,5.1,7138.95,2982.61,4156.34,Frank Chen,Closed Won,Startup
TXN-0456,2024-07-03,Q3,North,Hardware,Online,36,7468.39,268862.04,5.2,254881.21,64731.43,190149.78,David Lee,Refunded,Education
TXN-0457,2024-11-28,Q4,Central,Hardware,Enterprise,12,7839.11,94069.32,5.7,88707.37,27944.42,60762.95,Hiro Yamamoto,Closed Won,Government
TXN-0458,2024-11-10,Q4,East,Consulting,Enterprise,30,5127.36,153820.8,2.9,149360.0,42345.82,107014.18,Grace Patel,Closed Won,Enterprise
TXN-0459,2024-03-23,Q1,Central,Consulting,Enterprise,15,2645.16,39677.4,13.1,34479.66,13519.02,20960.64,Eva Rossi,Pending,Startup
TXN-0460,2024-10-27,Q4,South,Hardware,Online,29,3429.11,99444.19,3.7,95764.75,24383.64,71381.11,Bob Kumar,Closed Won,SMB
TXN-0461,2024-07-22,Q3,North,SaaS Pro,Enterprise,7,697.58,4883.06,17.6,4023.64,1447.25,2576.39,Bob Kumar,Closed Won,Startup
TXN-0462,2024-11-12,Q4,South,SaaS Starter,Online,6,5307.69,31846.14,17.7,26209.37,8174.02,18035.35,Hiro Yamamoto,Closed Won,SMB
TXN-0463,2024-09-26,Q3,West,SaaS Starter,Enterprise,2,474.21,948.42,7.1,881.08,381.56,499.52,Eva Rossi,Refunded,Government
TXN-0464,2024-03-10,Q1,Central,Hardware,Enterprise,12,4808.48,57701.76,9.1,52450.9,20968.94,31481.96,Eva Rossi,Closed Won,Government
TXN-0465,2024-10-03,Q4,East,SaaS Starter,Direct,6,3646.51,21879.06,7.3,20281.89,6124.35,14157.54,Alice Tan,Refunded,SMB
TXN-0466,2024-06-25,Q2,West,Consulting,Online,31,4373.77,135586.87,13.8,116875.88,40717.96,76157.92,Alice Tan,Pending,Startup
TXN-0467,2024-11-01,Q4,West,SaaS Starter,Enterprise,1,4476.06,4476.06,3.8,4305.97,1836.21,2469.76,David Lee,Closed Won,Government
TXN-0468,2024-07-12,Q3,Central,SaaS Starter,Online,17,817.84,13903.28,12.5,12165.37,4298.29,7867.08,Eva Rossi,Refunded,Startup
TXN-0469,2024-07-30,Q3,Central,SaaS Starter,Enterprise,5,1622.78,8113.9,5.8,7643.29,2884.41,4758.88,Eva Rossi,Refunded,Government
TXN-0470,2024-04-06,Q2,North,Consulting,Online,2,1386.76,2773.52,19.4,2235.46,568.76,1666.7,Eva Rossi,Closed Won,Government
TXN-0471,2024-01-05,Q1,East,SaaS Starter,Enterprise,6,1375.33,8251.98,9.9,7435.03,2367.18,5067.85,Frank Chen,Pending,Enterprise
TXN-0472,2024-06-18,Q2,North,SaaS Pro,Reseller,49,7622.82,373518.18,1.1,369409.48,149659.08,219750.4,Hiro Yamamoto,Closed Won,SMB
TXN-0473,2024-05-08,Q2,West,Support Plan,Partner,1,1151.3,1151.3,15.4,974.0,292.0,682.0,Alice Tan,Closed Won,Government
TXN-0474,2024-02-18,Q1,East,Hardware,Online,43,7860.5,338001.5,9.5,305891.36,118162.3,187729.06,Carol Smith,Closed Won,Education
TXN-0475,2024-09-23,Q3,North,SaaS Pro,Partner,17,3953.59,67211.03,6.0,63178.37,20348.83,42829.54,Bob Kumar,Closed Won,Government
TXN-0476,2024-06-15,Q2,South,SaaS Pro,Direct,11,6396.25,70358.75,11.7,62126.78,20449.75,41677.03,Alice Tan,Refunded,Government
TXN-0477,2024-12-18,Q4,North,Hardware,Reseller,10,3096.91,30969.1,1.8,30411.66,8562.09,21849.57,Frank Chen,Closed Won,Enterprise
TXN-0478,2024-07-01,Q3,East,SaaS Starter,Reseller,45,4383.56,197260.2,2.1,193117.74,67121.66,125996.08,Frank Chen,Pending,SMB
TXN-0479,2024-01-11,Q1,West,Support Plan,Reseller,23,5850.31,134557.13,5.0,127829.27,32966.88,94862.39,Eva Rossi,Refunded,Government
TXN-0480,2024-04-07,Q2,Central,Hardware,Reseller,12,4440.24,53282.88,6.5,49819.49,17121.91,32697.58,Carol Smith,Closed Won,Education
TXN-0481,2024-03-20,Q1,Central,Support Plan,Enterprise,19,6591.46,125237.74,10.8,111712.06,38073.23,73638.83,Carol Smith,Closed Won,Education
TXN-0482,2024-07-05,Q3,West,Hardware,Partner,16,2701.41,43222.56,1.3,42660.67,18917.13,23743.54,Hiro Yamamoto,Refunded,SMB
TXN-0483,2024-11-09,Q4,North,Consulting,Direct,21,3396.48,71326.08,6.4,66761.21,17975.54,48785.67,Carol Smith,Closed Won,Enterprise
TXN-0484,2024-04-13,Q2,West,SaaS Pro,Enterprise,32,1694.61,54227.52,0.6,53902.15,20393.9,33508.25,Eva Rossi,Closed Won,Startup
TXN-0485,2024-04-23,Q2,West,Hardware,Direct,46,752.82,34629.72,18.6,28188.59,8223.95,19964.64,Hiro Yamamoto,Closed Won,Startup
TXN-0486,2024-10-12,Q4,Central,Support Plan,Direct,24,6395.15,153483.6,1.2,151641.8,56621.03,95020.77,Bob Kumar,Closed Won,Enterprise
TXN-0487,2024-04-20,Q2,South,Hardware,Reseller,7,989.56,6926.92,4.6,6608.28,2161.35,4446.93,David Lee,Refunded,SMB
TXN-0488,2024-10-12,Q4,West,Hardware,Enterprise,27,6019.65,162530.55,15.3,137663.38,50290.19,87373.19,Bob Kumar,Closed Won,SMB
TXN-0489,2024-10-08,Q4,West,Support Plan,Online,33,2832.6,93475.8,3.2,90484.57,40689.71,49794.86,Frank Chen,Refunded,Startup
TXN-0490,2024-07-09,Q3,South,Support Plan,Reseller,49,5139.28,251824.72,16.5,210273.64,66171.05,144102.59,David Lee,Pending,Education
TXN-0491,2024-05-10,Q2,East,Consulting,Reseller,29,3690.5,107024.5,7.9,98569.56,38960.87,59608.69,Alice Tan,Refunded,SMB
TXN-0492,2024-06-03,Q2,East,SaaS Pro,Reseller,20,7878.28,157565.6,4.3,150790.28,47194.48,103595.8,Carol Smith,Closed Won,Enterprise
TXN-0493,2024-08-23,Q3,South,Consulting,Online,10,1279.58,12795.8,7.3,11861.71,4346.5,7515.21,Eva Rossi,Closed Won,Education
TXN-0494,2024-07-23,Q3,South,Hardware,Enterprise,14,5927.27,82981.78,14.5,70949.42,28988.57,41960.85,Bob Kumar,Refunded,Startup
TXN-0495,2024-01-20,Q1,East,Hardware,Enterprise,25,812.12,20303.0,1.1,20079.67,8115.81,11963.86,Grace Patel,Closed Won,SMB
TXN-0496,2024-11-30,Q4,Central,Hardware,Direct,1,5144.32,5144.32,12.6,4496.14,1172.71,3323.43,Frank Chen,Refunded,Education
TXN-0497,2024-03-17,Q1,West,Consulting,Enterprise,33,5642.6,186205.8,3.1,180433.42,69417.62,111015.8,Bob Kumar,Closed Won,Government
TXN-0498,2024-05-28,Q2,North,Support Plan,Reseller,10,1231.07,12310.7,1.7,12101.42,4408.4,7693.02,Grace Patel,Closed Won,Enterprise
TXN-0499,2024-07-23,Q3,Central,Hardware,Partner,28,6235.84,174603.52,2.6,170063.83,47103.29,122960.54,Hiro Yamamoto,Pending,Education
TXN-0500,2024-04-10,Q2,East,Hardware,Enterprise,40,7977.21,319088.4,10.5,285584.12,85236.3,200347.82,Frank Chen,Refunded,Enterprise
